epoch,train_loss,val_loss
1,1.033509197689238,1.596643328666687
2,0.9120225319786678,0.6221263110637665
3,0.7563952321097964,1.0211362838745117
4,0.9404419007755461,0.8334590792655945
5,0.6335479645502,0.4768475741147995
6,0.4474983877605862,0.6191918849945068
7,0.5427705200891646,0.8045624494552612
8,0.6270671619309319,0.7622500658035278
9,0.6255649999966697,0.6130671799182892
10,0.5604910216634236,0.7505034804344177
