epoch,train_loss,val_loss
1,1.5336892131775144,0.8282798528671265
2,0.9711599927099924,0.7577768862247467
3,0.8339054584503174,0.46422818303108215
4,0.6954066185724168,0.5642197132110596
5,0.8150863448778788,0.7607078850269318
6,0.5897593063021463,0.767262727022171
7,0.6709520391055516,0.6947794854640961
8,0.6815153871263776,0.7785036563873291
9,0.7059103676251003,0.730608195066452
10,0.5800525725833954,0.798914223909378
